From,To,Sent At,Message,Direction
blessy pearl,Anne,2024-10-14 13:26:25.7 UTC,,OUTGOING
blessy pearl,Anne,2025-01-20 13:30:56.8 UTC,,OUTGOING
blessy pearl,Anne,2025-02-05 10:39:27.5 UTC,,OUTGOING
Anne,blessy pearl,2025-02-05 11:17:39.4 UTC,,INCOMING
Anne,blessy pearl,2025-02-17 03:24:55.6 UTC,,INCOMING
blessy pearl,Anne,2025-02-17 03:48:07.0 UTC,,OUTGOING
Anne,blessy pearl,2025-06-07 13:53:36.9 UTC,,INCOMING
blessy pearl,Anne,2025-06-07 15:10:43.6 UTC,,OUTGOING
Anne,blessy pearl,2025-06-07 15:21:37.4 UTC,,INCOMING
blessy pearl,Anne,2025-08-31 09:01:04.9 UTC,,OUTGOING
Anne,blessy pearl,2025-08-31 10:43:03.7 UTC,,INCOMING
blessy pearl,Anne,2025-08-31 13:21:37.4 UTC,,OUTGOING
Ally,blessy pearl,2024-09-09 09:33:24.7 UTC,,INCOMING
Ally,blessy pearl,2024-09-09 09:49:58.1 UTC,,INCOMING
Ally,blessy pearl,2024-10-02 03:43:28.3 UTC,,INCOMING
Ally,blessy pearl,2024-10-02 03:45:01.5 UTC,,INCOMING
Ally,blessy pearl,2024-10-10 08:14:11.6 UTC,,INCOMING
Ally,blessy pearl,2024-10-10 08:17:37.4 UTC,,INCOMING
Ally,blessy pearl,2024-11-13 03:48:52.2 UTC,,INCOMING
Ally,blessy pearl,2024-11-22 07:14:13.6 UTC,,INCOMING
Ally,blessy pearl,2024-11-22 07:19:48.8 UTC,,INCOMING
Ally,blessy pearl,2024-11-22 07:22:50.0 UTC,,INCOMING
Ally,blessy pearl,2024-11-22 07:25:10.6 UTC,,INCOMING
Ally,blessy pearl,2025-02-11 08:10:52.7 UTC,,INCOMING
Ally,blessy pearl,2025-02-11 08:13:42.0 UTC,,INCOMING
Ally,blessy pearl,2025-03-08 04:02:13.7 UTC,,INCOMING
Ally,blessy pearl,2025-03-08 04:02:44.7 UTC,,INCOMING
blessy pearl,Robert Cayago,2025-02-15 09:40:16.9 UTC,,OUTGOING
blessy pearl,Robert Cayago,2025-02-15 10:27:40.9 UTC,,OUTGOING
Robert Cayago,blessy pearl,2025-02-16 01:39:19.7 UTC,,INCOMING
Robert Cayago,blessy pearl,2025-02-16 01:39:26.8 UTC,,INCOMING
blessy pearl,Robert Cayago,2025-04-10 06:40:39.7 UTC,,OUTGOING
blessy pearl,Robert Cayago,2025-05-09 09:03:42.1 UTC,,OUTGOING
Robert Cayago,blessy pearl,2025-05-09 11:22:16.1 UTC,,INCOMING
Robert Cayago,blessy pearl,2025-06-07 15:23:18.6 UTC,,INCOMING
Robert Cayago,blessy pearl,2025-08-22 00:10:40.9 UTC,,INCOMING
blessy pearl,Robert Cayago,2025-08-23 13:08:37.9 UTC,,OUTGOING
Robert Cayago,blessy pearl,2025-08-23 13:10:24.6 UTC,,INCOMING
blessy pearl,Robert Cayago,2025-08-31 06:11:36.9 UTC,,OUTGOING
Robert Cayago,blessy pearl,2025-08-31 06:41:24.5 UTC,,INCOMING
Robert Cayago,blessy pearl,2025-08-31 08:59:10.2 UTC,,INCOMING
Robert Cayago,blessy pearl,2025-09-01 08:36:12.9 UTC,,INCOMING
Robert Cayago,blessy pearl,2025-09-04 15:51:38.0 UTC,,INCOMING
Fuji,blessy pearl,2024-09-12 01:13:06.7 UTC,,INCOMING
blessy pearl,Fuji,2024-09-12 01:24:25.4 UTC,,OUTGOING
Fuji,blessy pearl,2024-09-12 01:24:52.9 UTC,,INCOMING
Fuji,blessy pearl,2024-09-12 01:24:55.5 UTC,,INCOMING
blessy pearl,Fuji,2024-09-12 01:34:52.3 UTC,,OUTGOING
Fuji,blessy pearl,2024-09-12 01:39:30.7 UTC,,INCOMING
Fuji,blessy pearl,2024-09-12 01:39:35.1 UTC,,INCOMING
Fuji,blessy pearl,2024-09-12 01:39:37.9 UTC,,INCOMING
blessy pearl,Fuji,2024-09-12 01:50:02.7 UTC,,OUTGOING
Fuji,blessy pearl,2024-09-12 01:50:17.9 UTC,,INCOMING
Fuji,blessy pearl,2024-09-12 01:50:20.4 UTC,,INCOMING
Fuji,blessy pearl,2024-09-12 01:50:24.1 UTC,,INCOMING
Fuji,blessy pearl,2024-09-12 01:50:26.4 UTC,,INCOMING
Fuji,blessy pearl,2024-09-12 01:50:37.2 UTC,,INCOMING
Fuji,blessy pearl,2024-09-15 13:53:54.8 UTC,,INCOMING
Fuji,blessy pearl,2024-09-15 13:53:55.3 UTC,,INCOMING
blessy pearl,Fuji,2024-09-15 13:55:09.5 UTC,,OUTGOING
blessy pearl,Fuji,2024-09-15 13:55:15.8 UTC,,OUTGOING
blessy pearl,Fuji,2024-09-15 13:55:22.6 UTC,,OUTGOING
blessy pearl,Fuji,2024-09-15 13:55:24.8 UTC,,OUTGOING
blessy pearl,Fuji,2024-09-15 13:55:28.8 UTC,,OUTGOING
Fuji,blessy pearl,2024-09-15 13:55:31.8 UTC,,INCOMING
Fuji,blessy pearl,2024-09-15 13:55:49.8 UTC,,INCOMING
Fuji,blessy pearl,2024-09-15 13:55:52.5 UTC,,INCOMING
Fuji,blessy pearl,2024-09-15 13:56:49.4 UTC,,INCOMING
Fuji,blessy pearl,2024-09-15 13:57:19.6 UTC,,INCOMING
Fuji,blessy pearl,2024-09-15 13:57:52.4 UTC,,INCOMING
blessy pearl,Fuji,2024-09-15 14:00:23.0 UTC,,OUTGOING
blessy pearl,Fuji,2024-09-15 14:00:28.1 UTC,,OUTGOING
Fuji,blessy pearl,2024-09-15 14:02:54.8 UTC,,INCOMING
Fuji,blessy pearl,2024-09-26 14:04:30.6 UTC,,INCOMING
Fuji,blessy pearl,2024-10-03 01:52:14.9 UTC,,INCOMING
blessy pearl,Fuji,2024-10-03 02:05:31.9 UTC,,OUTGOING
Fuji,blessy pearl,2024-10-03 02:05:53.1 UTC,,INCOMING
Fuji,blessy pearl,2024-12-25 04:04:12.5 UTC,,INCOMING
blessy pearl,Fuji,2024-12-25 07:58:48.6 UTC,,OUTGOING
Fuji,blessy pearl,2024-12-25 09:01:17.7 UTC,,INCOMING
Fuji,blessy pearl,2024-12-25 09:01:28.8 UTC,,INCOMING
blessy pearl,Fuji,2024-12-25 09:01:43.4 UTC,,OUTGOING
blessy pearl,Fuji,2024-12-25 09:01:45.3 UTC,,OUTGOING
blessy pearl,Fuji,2024-12-25 09:02:00.1 UTC,,OUTGOING
Fuji,blessy pearl,2024-12-25 09:02:44.7 UTC,,INCOMING
Fuji,blessy pearl,2024-12-25 09:03:50.4 UTC,,INCOMING
Fuji,blessy pearl,2024-12-25 09:04:00.7 UTC,,INCOMING
Fuji,blessy pearl,2024-12-25 09:04:03.0 UTC,,INCOMING
blessy pearl,Fuji,2024-12-25 09:04:19.5 UTC,,OUTGOING
Fuji,blessy pearl,2024-12-25 09:04:31.3 UTC,,INCOMING
blessy pearl,Fuji,2024-12-25 09:04:37.1 UTC,,OUTGOING
Fuji,blessy pearl,2024-12-25 09:04:43.9 UTC,,INCOMING
blessy pearl,Fuji,2024-12-25 09:04:46.1 UTC,,OUTGOING
Fuji,blessy pearl,2024-12-25 09:05:06.4 UTC,,INCOMING
blessy pearl,Fuji,2024-12-25 09:05:27.9 UTC,,OUTGOING
blessy pearl,Fuji,2024-12-25 09:05:32.6 UTC,,OUTGOING
Fuji,blessy pearl,2024-12-25 09:05:37.3 UTC,,INCOMING
Fuji,blessy pearl,2024-12-25 09:05:58.6 UTC,,INCOMING
Fuji,blessy pearl,2024-12-25 09:06:13.6 UTC,,INCOMING
Fuji,blessy pearl,2024-12-25 09:06:23.9 UTC,,INCOMING
blessy pearl,Fuji,2024-12-25 09:06:29.0 UTC,,OUTGOING
blessy pearl,Fuji,2024-12-25 09:06:40.9 UTC,,OUTGOING
blessy pearl,Fuji,2024-12-25 09:06:45.3 UTC,,OUTGOING
Fuji,blessy pearl,2024-12-25 09:06:50.7 UTC,,INCOMING
Fuji,blessy pearl,2024-12-25 09:07:03.8 UTC,,INCOMING
Fuji,blessy pearl,2024-12-25 09:07:09.6 UTC,,INCOMING
blessy pearl,Fuji,2024-12-25 09:07:23.8 UTC,,OUTGOING
blessy pearl,Fuji,2024-12-25 09:07:25.2 UTC,,OUTGOING
Fuji,blessy pearl,2024-12-25 09:07:25.7 UTC,,INCOMING
blessy pearl,Fuji,2024-12-25 09:09:26.5 UTC,,OUTGOING
Fuji,blessy pearl,2024-12-25 09:10:35.2 UTC,,INCOMING
Fuji,blessy pearl,2024-12-25 10:43:06.2 UTC,,INCOMING
Fuji,blessy pearl,2024-12-25 10:43:11.1 UTC,,INCOMING
Fuji,blessy pearl,2024-12-25 10:43:19.8 UTC,,INCOMING
blessy pearl,Fuji,2024-12-25 10:52:00.3 UTC,,OUTGOING
Fuji,blessy pearl,2024-12-25 10:56:38.8 UTC,,INCOMING
Fuji,blessy pearl,2024-12-25 10:56:45.5 UTC,,INCOMING
Fuji,blessy pearl,2024-12-25 10:57:01.8 UTC,,INCOMING
blessy pearl,Fuji,2024-12-25 10:57:27.4 UTC,,OUTGOING
Fuji,blessy pearl,2024-12-25 10:57:40.6 UTC,,INCOMING
Fuji,blessy pearl,2024-12-25 10:57:44.5 UTC,,INCOMING
blessy pearl,Fuji,2024-12-25 10:57:47.8 UTC,,OUTGOING
Fuji,blessy pearl,2024-12-25 10:57:55.3 UTC,,INCOMING
Fuji,blessy pearl,2024-12-25 10:57:59.7 UTC,,INCOMING
blessy pearl,Fuji,2024-12-25 10:58:01.4 UTC,,OUTGOING
blessy pearl,Fuji,2024-12-25 10:58:04.5 UTC,,OUTGOING
Fuji,blessy pearl,2024-12-25 10:58:22.1 UTC,,INCOMING
Fuji,blessy pearl,2024-12-25 10:59:28.7 UTC,,INCOMING
Fuji,blessy pearl,2024-12-25 10:59:33.8 UTC,,INCOMING
Fuji,blessy pearl,2024-12-25 10:59:39.7 UTC,,INCOMING
blessy pearl,Fuji,2024-12-25 10:59:51.2 UTC,,OUTGOING
blessy pearl,Fuji,2024-12-25 10:59:55.0 UTC,,OUTGOING
Fuji,blessy pearl,2024-12-25 11:00:00.8 UTC,,INCOMING
Fuji,blessy pearl,2024-12-25 11:00:52.6 UTC,,INCOMING
Fuji,blessy pearl,2024-12-25 11:00:54.4 UTC,,INCOMING
Fuji,blessy pearl,2024-12-25 11:01:05.4 UTC,,INCOMING
Fuji,blessy pearl,2024-12-25 11:01:12.0 UTC,,INCOMING
blessy pearl,Fuji,2024-12-25 11:01:14.8 UTC,,OUTGOING
Fuji,blessy pearl,2024-12-25 11:01:19.9 UTC,,INCOMING
Fuji,blessy pearl,2024-12-25 11:01:38.9 UTC,,INCOMING
Fuji,blessy pearl,2024-12-25 11:01:46.6 UTC,,INCOMING
blessy pearl,Fuji,2024-12-25 11:01:49.7 UTC,,OUTGOING
Fuji,blessy pearl,2024-12-25 11:01:50.9 UTC,,INCOMING
Fuji,blessy pearl,2024-12-25 11:01:55.0 UTC,,INCOMING
blessy pearl,Fuji,2024-12-25 11:02:15.9 UTC,,OUTGOING
Fuji,blessy pearl,2024-12-25 11:03:05.7 UTC,,INCOMING
Fuji,blessy pearl,2024-12-25 11:03:47.3 UTC,,INCOMING
Fuji,blessy pearl,2024-12-25 11:03:54.4 UTC,,INCOMING
Fuji,blessy pearl,2024-12-25 11:04:05.9 UTC,,INCOMING
blessy pearl,Fuji,2024-12-25 11:04:11.7 UTC,,OUTGOING
blessy pearl,Fuji,2024-12-25 11:04:30.4 UTC,,OUTGOING
Fuji,blessy pearl,2024-12-25 11:04:38.5 UTC,,INCOMING
Fuji,blessy pearl,2024-12-25 11:05:11.3 UTC,,INCOMING
Fuji,blessy pearl,2024-12-25 11:05:20.6 UTC,,INCOMING
blessy pearl,Fuji,2024-12-25 11:05:39.1 UTC,,OUTGOING
Fuji,blessy pearl,2024-12-25 11:05:57.2 UTC,,INCOMING
blessy pearl,Fuji,2024-12-25 11:06:10.9 UTC,,OUTGOING
Fuji,blessy pearl,2024-12-25 11:06:20.5 UTC,,INCOMING
Fuji,blessy pearl,2024-12-25 11:06:25.1 UTC,,INCOMING
blessy pearl,Fuji,2024-12-25 11:06:30.4 UTC,,OUTGOING
Fuji,blessy pearl,2024-12-25 11:06:41.8 UTC,,INCOMING
Fuji,blessy pearl,2024-12-25 11:07:09.8 UTC,,INCOMING
blessy pearl,Fuji,2024-12-25 11:07:18.4 UTC,,OUTGOING
blessy pearl,Fuji,2024-12-25 11:07:26.8 UTC,,OUTGOING
Fuji,blessy pearl,2024-12-25 11:07:27.3 UTC,,INCOMING
Fuji,blessy pearl,2024-12-25 11:07:33.3 UTC,,INCOMING
Fuji,blessy pearl,2024-12-25 11:07:52.3 UTC,,INCOMING
Fuji,blessy pearl,2024-12-25 11:08:27.7 UTC,,INCOMING
blessy pearl,Fuji,2024-12-25 11:08:28.8 UTC,,OUTGOING
Fuji,blessy pearl,2024-12-25 11:08:36.8 UTC,,INCOMING
Fuji,blessy pearl,2024-12-25 11:08:41.3 UTC,,INCOMING
Fuji,blessy pearl,2024-12-25 11:08:44.7 UTC,,INCOMING
blessy pearl,Fuji,2024-12-25 11:08:55.4 UTC,,OUTGOING
Fuji,blessy pearl,2024-12-25 11:09:12.7 UTC,,INCOMING
Fuji,blessy pearl,2024-12-25 11:09:16.5 UTC,,INCOMING
Fuji,blessy pearl,2024-12-25 11:09:20.5 UTC,,INCOMING
Fuji,blessy pearl,2024-12-25 11:09:26.3 UTC,,INCOMING
Fuji,blessy pearl,2024-12-25 11:09:34.6 UTC,,INCOMING
blessy pearl,Fuji,2024-12-25 11:09:45.6 UTC,,OUTGOING
Fuji,blessy pearl,2024-12-25 11:09:49.3 UTC,,INCOMING
Fuji,blessy pearl,2024-12-25 11:10:04.9 UTC,,INCOMING
blessy pearl,Fuji,2024-12-25 11:10:54.7 UTC,,OUTGOING
Fuji,blessy pearl,2024-12-25 11:11:00.5 UTC,,INCOMING
Fuji,blessy pearl,2024-12-25 11:11:28.4 UTC,,INCOMING
blessy pearl,Fuji,2024-12-25 11:11:33.8 UTC,,OUTGOING
Fuji,blessy pearl,2024-12-25 11:11:34.7 UTC,,INCOMING
Fuji,blessy pearl,2024-12-25 11:11:37.7 UTC,,INCOMING
blessy pearl,Fuji,2024-12-25 11:11:48.3 UTC,,OUTGOING
blessy pearl,Fuji,2024-12-25 11:11:56.4 UTC,,OUTGOING
Fuji,blessy pearl,2024-12-25 11:12:05.5 UTC,,INCOMING
Fuji,blessy pearl,2024-12-25 11:12:10.3 UTC,,INCOMING
Fuji,blessy pearl,2024-12-25 11:12:15.7 UTC,,INCOMING
Fuji,blessy pearl,2025-01-16 02:42:43.8 UTC,,INCOMING
blessy pearl,Fuji,2025-01-16 02:46:31.7 UTC,,OUTGOING
blessy pearl,Fuji,2025-01-16 02:46:34.5 UTC,,OUTGOING
Fuji,blessy pearl,2025-01-16 09:52:08.7 UTC,,INCOMING
Fuji,blessy pearl,2025-01-16 09:52:16.0 UTC,,INCOMING
Fuji,blessy pearl,2025-01-27 14:06:25.1 UTC,,INCOMING
blessy pearl,Fuji,2025-01-27 14:07:13.4 UTC,,OUTGOING
blessy pearl,Fuji,2025-01-27 14:08:00.0 UTC,,OUTGOING
Fuji,blessy pearl,2025-01-27 14:10:24.1 UTC,,INCOMING
Fuji,blessy pearl,2025-01-27 14:10:41.7 UTC,,INCOMING
Fuji,blessy pearl,2025-01-27 14:10:45.3 UTC,,INCOMING
Fuji,blessy pearl,2025-01-27 14:10:57.1 UTC,,INCOMING
Fuji,blessy pearl,2025-01-27 14:11:07.2 UTC,,INCOMING
blessy pearl,Fuji,2025-01-27 14:22:11.4 UTC,,OUTGOING
blessy pearl,Fuji,2025-01-27 14:22:15.5 UTC,,OUTGOING
Fuji,blessy pearl,2025-01-27 15:00:15.8 UTC,,INCOMING
Fuji,blessy pearl,2025-01-27 15:31:13.0 UTC,,INCOMING
Fuji,blessy pearl,2025-01-27 15:31:15.8 UTC,,INCOMING
Fuji,blessy pearl,2025-01-31 12:47:55.6 UTC,,INCOMING
Fuji,blessy pearl,2025-02-04 04:08:16.5 UTC,,INCOMING
blessy pearl,Fuji,2025-02-04 04:08:36.8 UTC,,OUTGOING
blessy pearl,Fuji,2025-02-04 04:08:48.0 UTC,,OUTGOING
Fuji,blessy pearl,2025-02-04 04:08:48.5 UTC,,INCOMING
Fuji,blessy pearl,2025-02-04 04:08:56.3 UTC,,INCOMING
Fuji,blessy pearl,2025-02-04 04:09:09.0 UTC,,INCOMING
Fuji,blessy pearl,2025-02-04 04:09:14.1 UTC,,INCOMING
blessy pearl,Fuji,2025-02-04 04:09:18.5 UTC,,OUTGOING
Fuji,blessy pearl,2025-02-04 04:09:18.8 UTC,,INCOMING
blessy pearl,Fuji,2025-02-04 04:09:23.3 UTC,,OUTGOING
Fuji,blessy pearl,2025-02-04 04:09:45.0 UTC,,INCOMING
blessy pearl,Fuji,2025-02-04 04:09:55.0 UTC,,OUTGOING
Fuji,blessy pearl,2025-02-08 18:20:27.2 UTC,,INCOMING
Fuji,blessy pearl,2025-02-08 18:20:27.7 UTC,,INCOMING
blessy pearl,Fuji,2025-02-09 01:16:41.1 UTC,,OUTGOING
Fuji,blessy pearl,2025-02-09 01:16:58.9 UTC,,INCOMING
Fuji,blessy pearl,2025-02-09 01:21:31.6 UTC,,INCOMING
Fuji,blessy pearl,2025-02-09 01:21:37.4 UTC,,INCOMING
blessy pearl,Fuji,2025-02-09 01:21:52.6 UTC,,OUTGOING
Fuji,blessy pearl,2025-02-09 01:22:00.7 UTC,,INCOMING
blessy pearl,Fuji,2025-02-09 01:22:13.8 UTC,,OUTGOING
Fuji,blessy pearl,2025-02-09 01:22:22.2 UTC,,INCOMING
Fuji,blessy pearl,2025-02-09 01:23:15.4 UTC,,INCOMING
Fuji,blessy pearl,2025-02-09 01:23:17.9 UTC,,INCOMING
blessy pearl,Fuji,2025-02-09 01:23:35.3 UTC,,OUTGOING
blessy pearl,Fuji,2025-02-09 01:23:40.7 UTC,,OUTGOING
blessy pearl,Fuji,2025-02-09 01:23:46.0 UTC,,OUTGOING
Fuji,blessy pearl,2025-02-09 01:23:49.4 UTC,,INCOMING
Fuji,blessy pearl,2025-02-09 01:23:52.1 UTC,,INCOMING
Fuji,blessy pearl,2025-02-09 01:25:20.6 UTC,,INCOMING
blessy pearl,Fuji,2025-02-09 01:25:35.3 UTC,,OUTGOING
Fuji,blessy pearl,2025-02-09 01:25:38.4 UTC,,INCOMING
blessy pearl,Fuji,2025-02-09 01:25:40.3 UTC,,OUTGOING
Fuji,blessy pearl,2025-02-09 01:25:47.2 UTC,,INCOMING
blessy pearl,Fuji,2025-02-09 01:25:57.0 UTC,,OUTGOING
Fuji,blessy pearl,2025-02-09 01:26:02.3 UTC,,INCOMING
Fuji,blessy pearl,2025-02-09 01:26:18.3 UTC,,INCOMING
Fuji,blessy pearl,2025-02-09 01:26:27.3 UTC,,INCOMING
Fuji,blessy pearl,2025-02-09 01:26:30.8 UTC,,INCOMING
Fuji,blessy pearl,2025-02-09 01:26:34.5 UTC,,INCOMING
blessy pearl,Fuji,2025-02-09 01:26:56.3 UTC,,OUTGOING
blessy pearl,Fuji,2025-02-16 22:47:19.7 UTC,,OUTGOING
Fuji,blessy pearl,2025-02-22 04:32:35.6 UTC,,INCOMING
Fuji,blessy pearl,2025-02-22 04:45:30.4 UTC,,INCOMING
Fuji,blessy pearl,2025-03-02 13:44:52.8 UTC,,INCOMING
Fuji,blessy pearl,2025-03-02 13:46:57.5 UTC,,INCOMING
blessy pearl,Fuji,2025-03-03 03:47:39.9 UTC,,OUTGOING
Fuji,blessy pearl,2025-03-03 08:32:27.1 UTC,,INCOMING
Fuji,blessy pearl,2025-05-09 00:28:57.5 UTC,,INCOMING
Fuji,blessy pearl,2025-08-01 16:09:39.8 UTC,,INCOMING
blessy pearl,Fuji,2025-08-02 05:05:02.5 UTC,,OUTGOING
blessy pearl,Fuji,2025-08-08 09:39:14.7 UTC,,OUTGOING
Fuji,blessy pearl,2025-08-08 09:39:39.3 UTC,,INCOMING
Fuji,blessy pearl,2025-08-08 09:39:48.5 UTC,,INCOMING
Fuji,blessy pearl,2025-08-08 09:39:50.4 UTC,,INCOMING
Fuji,blessy pearl,2025-08-08 09:39:52.5 UTC,,INCOMING
blessy pearl,Fuji,2025-08-08 09:40:02.7 UTC,,OUTGOING
blessy pearl,Fuji,2025-08-08 09:40:07.3 UTC,,OUTGOING
Fuji,blessy pearl,2025-08-08 09:40:12.4 UTC,,INCOMING
Fuji,blessy pearl,2025-08-08 09:40:41.7 UTC,,INCOMING
Fuji,blessy pearl,2025-08-08 09:40:46.9 UTC,,INCOMING